model,fold,feature,group,kind,mean_abs_prob_delta
xgboost,0,bond_10y,economic_conditions,top,0.01635417900979519
xgboost,0,term_spread,economic_conditions,top,0.03551153838634491
xgboost,0,vix,market_conditions,top,0.013743249699473381
xgboost,0,market_ret,market_conditions,top,0.03261217474937439
xgboost,0,bond_2y,economic_conditions,top,0.005976502783596516
xgboost,0,macd,momentum,bottom,0.010475835762917995
xgboost,0,roc_10,momentum,bottom,0.00933916587382555
xgboost,0,close_ema_12,trend,bottom,0.0060063018463552
xgboost,0,close_sma_10,trend,bottom,0.0050801727920770645
xgboost,0,close_sma_50,trend,bottom,0.005610372871160507
xgboost,1,bond_10y,economic_conditions,top,0.019751153886318207
xgboost,1,term_spread,economic_conditions,top,0.0882200375199318
xgboost,1,vix,market_conditions,top,0.04788738861680031
xgboost,1,market_ret,market_conditions,top,0.06191176548600197
xgboost,1,bond_2y,economic_conditions,top,0.00046319831744767725
xgboost,1,macd,momentum,bottom,0.010672054253518581
xgboost,1,roc_10,momentum,bottom,0.00844621378928423
xgboost,1,close_ema_12,trend,bottom,0.009378746151924133
xgboost,1,close_sma_10,trend,bottom,0.004137356299906969
xgboost,1,close_sma_50,trend,bottom,0.006558194290846586
xgboost,2,bond_10y,economic_conditions,top,0.022911587730050087
xgboost,2,term_spread,economic_conditions,top,0.015546419657766819
xgboost,2,vix,market_conditions,top,0.04053335264325142
xgboost,2,market_ret,market_conditions,top,0.03190768137574196
xgboost,2,bond_2y,economic_conditions,top,0.01842135190963745
xgboost,2,macd,momentum,bottom,0.009606833569705486
xgboost,2,roc_10,momentum,bottom,0.006223305128514767
xgboost,2,close_ema_12,trend,bottom,0.005118858069181442
xgboost,2,close_sma_10,trend,bottom,0.007610375061631203
xgboost,2,close_sma_50,trend,bottom,0.006763662677258253
xgboost,3,bond_10y,economic_conditions,top,0.025103963911533356
xgboost,3,term_spread,economic_conditions,top,0.02653471566736698
xgboost,3,vix,market_conditions,top,0.026392407715320587
xgboost,3,market_ret,market_conditions,top,0.03670986741781235
xgboost,3,bond_2y,economic_conditions,top,0.013056869618594646
xgboost,3,macd,momentum,bottom,0.007559164427220821
xgboost,3,roc_10,momentum,bottom,0.009020011872053146
xgboost,3,close_ema_12,trend,bottom,0.006983314175158739
xgboost,3,close_sma_10,trend,bottom,0.009922868572175503
xgboost,3,close_sma_50,trend,bottom,0.007350224535912275
xgboost,4,bond_10y,economic_conditions,top,0.013627558015286922
xgboost,4,term_spread,economic_conditions,top,0.015204017981886864
xgboost,4,vix,market_conditions,top,0.03753719851374626
xgboost,4,market_ret,market_conditions,top,0.035991962999105453
xgboost,4,bond_2y,economic_conditions,top,0.0037309559993445873
xgboost,4,macd,momentum,bottom,0.006501660216599703
xgboost,4,roc_10,momentum,bottom,0.005605138838291168
xgboost,4,close_ema_12,trend,bottom,0.004590719472616911
xgboost,4,close_sma_10,trend,bottom,0.006119120866060257
xgboost,4,close_sma_50,trend,bottom,0.005431715864688158
xgboost,5,bond_10y,economic_conditions,top,0.015915999189019203
xgboost,5,term_spread,economic_conditions,top,0.017453914508223534
xgboost,5,vix,market_conditions,top,0.02236507087945938
xgboost,5,market_ret,market_conditions,top,0.021256182342767715
xgboost,5,bond_2y,economic_conditions,top,0.000961328623816371
xgboost,5,macd,momentum,bottom,0.007872477173805237
xgboost,5,roc_10,momentum,bottom,0.008359470404684544
xgboost,5,close_ema_12,trend,bottom,0.007255813106894493
xgboost,5,close_sma_10,trend,bottom,0.004472055938094854
xgboost,5,close_sma_50,trend,bottom,0.0086744986474514
xgboost,6,bond_10y,economic_conditions,top,0.0158096756786108
xgboost,6,term_spread,economic_conditions,top,0.017166823148727417
xgboost,6,vix,market_conditions,top,0.028709448873996735
xgboost,6,market_ret,market_conditions,top,0.03699323162436485
xgboost,6,bond_2y,economic_conditions,top,0.033609725534915924
xgboost,6,macd,momentum,bottom,0.009989779442548752
xgboost,6,roc_10,momentum,bottom,0.010496662929654121
xgboost,6,close_ema_12,trend,bottom,0.009273567236959934
xgboost,6,close_sma_10,trend,bottom,0.008577886037528515
xgboost,6,close_sma_50,trend,bottom,0.009524852968752384
xgboost,7,bond_10y,economic_conditions,top,0.0
xgboost,7,term_spread,economic_conditions,top,0.018617724999785423
xgboost,7,vix,market_conditions,top,0.015838317573070526
xgboost,7,market_ret,market_conditions,top,0.02855018340051174
xgboost,7,bond_2y,economic_conditions,top,0.0
xgboost,7,macd,momentum,bottom,0.010704385116696358
xgboost,7,roc_10,momentum,bottom,0.011639505624771118
xgboost,7,close_ema_12,trend,bottom,0.008292878977954388
xgboost,7,close_sma_10,trend,bottom,0.010740134865045547
xgboost,7,close_sma_50,trend,bottom,0.00899319164454937
logistic,0,close_sma_20,trend,top,0.07005279029981018
logistic,0,close_ema_12,trend,top,0.045074355708722265
logistic,0,close_ema_26,trend,top,0.0070910726903554225
logistic,0,close_sma_10,trend,top,0.018467712196116537
logistic,0,close_sma_50,trend,top,0.013472564739440293
logistic,0,volume_change_5,trading_activity,bottom,0.0008110820576420356
logistic,0,macd,momentum,bottom,0.0006002456222744435
logistic,0,macd_hist,momentum,bottom,0.0032287531810911998
logistic,0,rv_21,volatility,bottom,0.002576020155403094
logistic,0,ret_lag_5,momentum,bottom,0.0009719262926889271
logistic,1,close_sma_20,trend,top,0.049235280508197504
logistic,1,close_ema_12,trend,top,0.03000056626061803
logistic,1,close_ema_26,trend,top,0.0026219116174224324
logistic,1,close_sma_10,trend,top,0.010459373512629867
logistic,1,close_sma_50,trend,top,0.006995416054406869
logistic,1,volume_change_5,trading_activity,bottom,0.0008594023739680621
logistic,1,macd,momentum,bottom,0.00022648393654306416
logistic,1,macd_hist,momentum,bottom,0.0003656364927324002
logistic,1,rv_21,volatility,bottom,0.001906466334824024
logistic,1,ret_lag_5,momentum,bottom,0.0007937276176548144
logistic,2,close_sma_20,trend,top,0.05879713922583347
logistic,2,close_ema_12,trend,top,0.0436442474957285
logistic,2,close_ema_26,trend,top,0.016807242211114463
logistic,2,close_sma_10,trend,top,0.025912640971123828
logistic,2,close_sma_50,trend,top,0.01778091559110615
logistic,2,volume_change_5,trading_activity,bottom,0.0037326711248980315
logistic,2,macd,momentum,bottom,0.0008654021270587436
logistic,2,macd_hist,momentum,bottom,8.236622662766438e-05
logistic,2,rv_21,volatility,bottom,0.0012582591711410916
logistic,2,ret_lag_5,momentum,bottom,0.0002989326789822057
logistic,3,close_sma_20,trend,top,0.07165015947538712
logistic,3,close_ema_12,trend,top,0.048558102866400055
logistic,3,close_ema_26,trend,top,0.021206887768730646
logistic,3,close_sma_10,trend,top,0.02939573182034336
logistic,3,close_sma_50,trend,top,0.017215676173700713
logistic,3,volume_change_5,trading_activity,bottom,0.005447335579118541
logistic,3,macd,momentum,bottom,0.0016804253140765312
logistic,3,macd_hist,momentum,bottom,0.0009843655082576955
logistic,3,rv_21,volatility,bottom,0.001522205562468278
logistic,3,ret_lag_5,momentum,bottom,0.001049666773329028
logistic,4,close_sma_20,trend,top,0.08083755040246633
logistic,4,close_ema_12,trend,top,0.04711202068054685
logistic,4,close_ema_26,trend,top,0.03273997200128527
logistic,4,close_sma_10,trend,top,0.03173910078102124
logistic,4,close_sma_50,trend,top,0.021208458499611973
logistic,4,volume_change_5,trading_activity,bottom,0.0045220584734393466
logistic,4,macd,momentum,bottom,0.0016155945275662426
logistic,4,macd_hist,momentum,bottom,0.002212007493879303
logistic,4,rv_21,volatility,bottom,0.0011798775288433723
logistic,4,ret_lag_5,momentum,bottom,0.0006886923675198875
logistic,5,close_sma_20,trend,top,0.09830996368071375
logistic,5,close_ema_12,trend,top,0.05769769422774303
logistic,5,close_ema_26,trend,top,0.05724398323357883
logistic,5,close_sma_10,trend,top,0.03637356176212352
logistic,5,close_sma_50,trend,top,0.03580905870206204
logistic,5,volume_change_5,trading_activity,bottom,0.0031674964053243237
logistic,5,macd,momentum,bottom,0.0027582817363222775
logistic,5,macd_hist,momentum,bottom,0.004864240308343347
logistic,5,rv_21,volatility,bottom,0.0011205860206675796
logistic,5,ret_lag_5,momentum,bottom,0.0009169931909097609
logistic,6,close_sma_20,trend,top,0.11913774532110954
logistic,6,close_ema_12,trend,top,0.06615117530786244
logistic,6,close_ema_26,trend,top,0.08918453403295823
logistic,6,close_sma_10,trend,top,0.048545035052867884
logistic,6,close_sma_50,trend,top,0.0506263469026717
logistic,6,volume_change_5,trading_activity,bottom,0.0022567393261609097
logistic,6,macd,momentum,bottom,0.0033283873787236054
logistic,6,macd_hist,momentum,bottom,0.0037954204371852566
logistic,6,rv_21,volatility,bottom,0.00022854963401640834
logistic,6,ret_lag_5,momentum,bottom,0.001575242013075201
logistic,7,close_sma_20,trend,top,0.12071422131765487
logistic,7,close_ema_12,trend,top,0.06356014539418309
logistic,7,close_ema_26,trend,top,0.09125052701844487
logistic,7,close_sma_10,trend,top,0.04919232196874003
logistic,7,close_sma_50,trend,top,0.05884417816013656
logistic,7,volume_change_5,trading_activity,bottom,0.001980909682966579
logistic,7,macd,momentum,bottom,0.006784126537469379
logistic,7,macd_hist,momentum,bottom,0.002078112791521522
logistic,7,rv_21,volatility,bottom,0.0009988205463534886
logistic,7,ret_lag_5,momentum,bottom,0.002231281469760116
